Model,Accuracy,Precision,Recall,F1 Score
Decision Tree,0.997,0.7777777777777778,0.7,0.7368421052631579
Random Forest,0.9955,1.0,0.25,0.4
Logistic Regression,0.956,0.07777777777777778,0.5833333333333334,0.13725490196078433
